{"cameraMode":{"drawMode":0,"name":"Shaded","section":"Shading Mode"},"sceneLighting":true,"audioPlay":false,"sceneViewState":{"m_AlwaysRefresh":false,"showFog":true,"showSkybox":true,"showFlares":true,"showImageEffects":true,"showParticleSystems":true,"showVisualEffectGraphs":true,"m_FxEnabled":true},"in2DMode":false,"pivot":{"x":-2.3722686767578127,"y":2.0607683658599855,"z":-17.72340202331543},"rotation":{"x":0.004768649581819773,"y":0.9938539862632752,"z":0.047433264553546908,"w":-0.09991790354251862},"size":10.898137092590332,"orthographic":false}